=================== 2012-01-28, 20:33:12, AMI REVOLUTION NICE EMAIL GCC (test_kevin.json) =========================
------------------- select * from Retreat_Participants where id=9; ----------------------
1. Kevin Sin (kevinwsin@gmail.com)
=================== 2012-01-28, 20:34:34, AMI REVOLUTION NICE EMAIL GCC (test_kevin.json) =========================
------------------- select * from Retreat_Participants where id=9; ----------------------
1. Kevin Sin (kevinwsin@gmail.com)
=================== 2012-01-28, 20:35:01, AMI REVOLUTION NICE EMAIL GCC (test_kevin.json) =========================
------------------- select * from Retreat_Participants where id=9; ----------------------
1. Kevin Sin (kevinwsin@gmail.com)
=================== 2012-01-28, 20:38:03, AMI REVOLUTION NICE EMAIL GCC (test_kevin.json) =========================
------------------- select * from Retreat_Participants where id=9; ----------------------
1. Kevin Sin (kevinwsin@gmail.com)
=================== 2012-01-28, 20:39:00, AMI REVOLUTION NICE EMAIL GCC (test_kevin.json) =========================
------------------- select * from Retreat_Participants where id=9; ----------------------
1. Kevin Sin (kevinwsin@gmail.com)
=================== 2012-01-28, 20:40:47, AMI REVOLUTION NICE EMAIL GCC (test_kevin.json) =========================
------------------- select * from Retreat_Participants where id=9; ----------------------
1. Kevin Sin (kevinwsin@gmail.com)
=================== 2012-01-28, 22:09:02, AMI REVOLUTION NICE EMAIL GCC (test_kevin.json) =========================
------------------- select * from Retreat_Participants where id=9; ----------------------
1. Kevin Sin (kevinwsin@gmail.com)
=================== 2012-01-28, 22:12:11, TEST SG EMAIL (test_sg_kevin.json) =========================
------------------- select * from Retreat_Participants where id=9; ----------------------
1. Kevin Sin (kevinwsin@gmail.com)
=================== 2012-01-28, 22:17:22, TEST SG EMAIL (test_sg_kevin.json) =========================
------------------- select * from Retreat_Participants where id=9; ----------------------
1. Kevin Sin (kevinwsin@gmail.com)
=================== 2012-01-29, 15:20:30, TEST SG EMAIL (test_sg_kevin.json) =========================
------------------- select * from Retreat_Participants where id=9; ----------------------
1. Kevin Sin (kevinwsin@gmail.com)
=================== 2012-01-29, 15:24:52, TEST SG EMAIL (test_sg_kevin.json) =========================
------------------- select * from Retreat_Participants where id=9; ----------------------
1. Kevin Sin (kevinwsin@gmail.com)
=================== 2012-01-29, 19:34:50, AMI REVOLUTION NICE EMAIL GCC (test_kevin.json) =========================
------------------- select * from Retreat_Participants where id in (100, 34); ----------------------
1. Chan Park (cpark41@gmail.com)
2. Edward Li (edward.ct.li@gmail.com)
=================== 2012-01-29, 19:35:51, TEST SG EMAIL (test_sg_kevin.json) =========================
------------------- select * from Retreat_Participants where id in (100, 34); ----------------------
1. Chan Park (cpark41@gmail.com)
2. Edward Li (edward.ct.li@gmail.com)
=================== 2012-01-29, 19:40:43, TEST SG EMAIL (test_sg_kevin.json) =========================
------------------- select * from Retreat_Participants where id in (100, 34); ----------------------
1. Chan Park (cpark41@gmail.com)
2. Edward Li (edward.ct.li@gmail.com)
=================== 2012-01-29, 20:32:27, SUNDAY BEFORE RETREAT TO EVERYBODY (sunday_before_retreat_everybody.json) =========================
------------------- select * from Retreat_Participants; ----------------------
1. Olivia Jung (oliviajung@gmail.com)
2. Priscila Nakano (penakano@gmail.com)
3. Kevin Sin (kevinwsin@gmail.com)
4. Robyn Chan (robynmchan@gmail.com)
5. Ting Cho Lau (tlau@sas.upenn.edu)
6. Yue Xu (yuexu90@gmail.com)
7. Shinhaeng Hur (shinhaeng.hur@gmail.com)
8. Jane Pyo (janepyo@sas.upenn.edu)
9. Christine Li (christli@seas.upenn.edu)
10. Octavia Bray (octavia.marie.8@gmail.com)
11. Winslow Cho (winslowc@seas.upenn.edu)
12. Jonathan Chou (choumein@gmail.com)
13. Cindy  Yuan (cinyuan@seas.upenn.edu)
14. Justine Wan (tini@drexel.edu)
15. Daniel Ng (dng@uarts.edu)
16. Siyuan Cao (caos@sas.upenn.edu)
17. Wonah Sung (wsung91@gmail.com)
18. Winnie Feng (winnie.pearl22@gmail.com)
19. Rena Park (sjr.park1991@temple.edu)
20. Jack Chen (jackq36@gmail.com)
21. Connie  Li (connie.li.010@gmail.com)
22. Joycelin Wong (musicalmunchkin@gmail.com)
23. Nicole Kwok (nkwok@wharton.upenn.edu)
24. Andy Piao (apiao118@gmail.com)
25. Joyce Lin (lin6@wharton.upenn.edu)
26. Linda Wang (wanglind@sas.upenn.edu)
27. Chan Park (cpark41@gmail.com)
28. Joy Lee (joyyful@gmail.com)
29. Wendy Zhao (wndzhao@gmail.com)
30. Andrew Sun (andrew.q.sun@gmail.com)
31. Erica Yoon (eyoon@sas.upenn.edu)
32. Rachel Miao (rachelmiao@gmail.com)
33. Rachel Lee (rachelstar9161@gmail.com)
34. Jeffrey Kim (jeffreyk93@gmail.com)
35. Wing Li (wingli41@gmail.com)
36. Johnny Lee (johnny.lee320@gmail.com)
37. Harry Choi (hehrhee@gmail.com)
38. Celine Wee (celinewee@gmail.com)
39. Alice Ma (ma.alice.y@gmail.com)
40. Andrew Cie (randrewcie@gmail.com)
41. Liz Young (eliyoung@sas.upenn.edu)
42. Shirley  Yang (novjuo@gmail.com)
43. Jihae Lee (jihae9@gmail.com)
44. Damian  Lee (damianl@sas.upenn.edu)
45. Melissa Zhou (missa.zhou@gmail.com)
46. David Sawyers (sawyersd@wharton.upenn.edu)
47. Chris Wang (cwang731@gmail.com)
48. Connie Yuan (connieyuan92@gmail.com)
49. Sean Jang (daesup.jang@gmai.com)
50. Binh Nguyen (binh@sas.upenn.edu)
51. Claudia Jean (jeanclaudia4@yahoo.com)
52. Henderson Yan (hqy23@drexel.edu)
53. Amy  Tang (t.amy11@yahoo.com)
54. Cindy Wei (cindy.x.wei@gmail.com)
55. Christina Wu (christinawu10@gmail.com)
56. Jessica Kim (jesskim90@gmail.com)
57. Stephanie Kim (stephie08@gmail.com)
58. Brittney Li (bli01@brynmawr.edu)
59. Euna Park (eunaparkx@gmail.com)
60. Grace Lee (gjlee@brynmawr.edu)
61. Minha Lee (mlee52@villanova.edu)
62. Sunny  Kang (sunnykang36@gmail.com)
63. Sara Kim (imsarakim@gmail.com)
64. Eun-young Park (epark02@brynmawr.edu)
65. Andrew Kwon (akwon01@villanova.edu)
66. Alexis Okosa (alexis.okosa@gmail.com)
67. Deborah Yeh (debyeh77@gmail.com)
68. Helen Kwan (hkwan@nursing.upenn.edu)
69. Michael Hsu (potonchair@gmail.com)
70. Timothy Cho (timscho@hotmail.com)
71. Josiah Hsiung (hsiungj@sas.upenn.edu)
72. Chris Lee (clee16@villanova.edu)
73. Grace Song (gracesong92@gmail.com)
74. Grace  Chae (xochaerry@gmail.com)
75. Andrew Valentino (drewval@ptd.net)
76. Sarah Ryu (sarahroo12@gmail.com)
77. Glory Lee (coreaglory@gmail.com)
78. Harold Kang (haroldkang@gmail.com)
79. Changhyun Bahn (changhyun.bahn@gmail.com)
80. Joan Larbi (joanlarbi@gmail.com)
81. Andy Lee (asj.andy@gmail.com)
82. Iris Lee (irislee21@gmail.com)
83. Christine Tedijanto (ctedijanto@gmail.com)
84. Alina Kim (alinakim@sas.upenn.edu)
85. Jeff Wen (jeff.li.wen@gmail.com)
86. Hyejung Lee (hyejunghyejung211@gmail.com)
87. Stephen Siu (angelfire7x@gmail.com)
88. Winnie Yan (wiya@sas.upenn.edu)
89. Edward Li (edward.ct.li@gmail.com)
90. Jabez Yeo (jabezyeo@gmail.com)
91. Ellen Hahm (ellen.hahm@gmail.com)
92. Barbara Kim (barbarakim91@gmail.com)
93. Jessica Yi (jessicayi514@gmail.com)
94. Unjin Kim (kimunjin@sas.upenn.edu)
95. Krystal Eng (kgabrielleejm@gmail.com)
96. Inna Chung (ichung@sas.upenn.edu)
97. Erika Ho (thatslovely@gmail.com)
98. Patrick Atis (atis.patrick@gmail.com)
99. David Kim (david.dk.kim@gmail.com)
100. Rena Song (ruizhesong@gmail.com)
101. Kimberly Chung (kimberly.chung@temple.edu)
102. Sabrina Lim (heartgold89@gmail.com)
103. John Park (jjp54@drexel.edu)
104. Donna Hahn (hahnd@sas.upenn.edu)
105. Tae Lim (tlim@haverford.edu)
106. Jiwon Kim (jkim22@villanova.edu)
107. Rickie Zheng (Rzheng@villanova.edu)
108. Alice Lee (alee10@villanova.edu)
109. Dan Leung (dkleung92@gmail.com)
110. Greg Fu (greglfu@gmail.com)
111. Soo Lee (smallwishes@gmail.com)
112. Eric Park (ericjpark27@gmail.com)
113. Elliot Kim (elliotckim@gmail.com)
114. Katelin Del Rosario (k.bballgirl624@gmail.com)
115. Alex Chae (alexander.y.chae@gmail.com)
116. Alisa Wismer (alisawismer16@gmail.com)
117. Jack Li (jacklistark@gmail.com)
118. Lily Kim (misslillie@gmail.com)
119. Stephanie Lim (stephlim89@gmail.com)
120. Wing Lock (Alfred) Li (alfut267@gmail.com)
121. Michelle Kwon (michellekwon09@gmail.com)
122. Michael Irizarry (myi23@drexel.edu)
123. Ashley Lee (h.ashley.lee@gmail.com)
124. Sooin Lee (soopig316@gmail.com)
125. Courtney Ng (ashkicourt@gmail.com)
126. Joy  McKenzie (joymck@sas.upenn.edu)
127. Irene Kim (i.dohee.kim@gmail.com)
128. Elizabeth Mensah (mensahe@wharton.upenn.edu)
129. Sophie Kim (sophie.boree.k@gmail.com)
130. Charmer Pratt (charmerp@wharton.upenn.edu)
131. Jay Jung (younjungjung@gmail.com)
132. Kow Essuman (kmaessuman@gmail.com)
133. Benjamin Wu (wuben@sas.upenn.edu)
134. Kevin Chan (kevin.chan@temple.edu)
135. Sarah Lee (sjaewonlee@gmail.com)
136. Anna Pham (t.anna.pham@gmail.com)
137. Sue Lim (suelim@wharton.upenn.edu)
138. Joanna Bak (jb3367@drexel.edu)
139. Linos Owusu-Asare (linosowusuasare@gmail.com)
140. Joseph Wang (jowang@wharton.upenn.edu)
141. Kiet Phung (kietp1314@gmail.com)
142. Melissa Espinal (mespinal@seas.upenn.edu)
143. Bryan Cam (bryancam@sas.upenn.edu)
144. Aerin Lee (aerin824@gmail.com)
145. Angelica Moss (gelmoss@gmail.com)
146. Yoori  Yang (yya@sas.upenn.edu)
147. Seulgi  Choi (seulchoi@sas.upenn.edu)
148. Allen Zheng (azheng@sas.upenn.edu)
149. Matt Deng (hdeng27@gmail.com)
150. John Park (jpark28@villanova.edu)
151. Aran Park (aranjinheepark@gmail.com)
152. Alice Hong (alihong@sas.upenn.edu)
153. Zoe Lau (zlau@sas.upenn.edu)
154. Christopher Lai (chrislai@sas.upenn.edu)
155. Jinha Lee (jhl53@drexel.edu)
156. David Seok (davedoesntseok@gmail.com)
157. Aaron Krause (Superkrause@hotmail.com)
158. Chad Moyer (chadwick.moyer@gmail.com)
159. Kevin Jiang (kjiang@seas.upenn.edu)
160. Angela  Jong (ajong@sas.upenn.edu)
161. Dylan Tracy (dtracy198@yahoo.com)
162. Nicole Hwang (hdanbi@wharton.upenn.edu)
163. Aimee Jung (aimeeejung@gmail.com)
164. Jonathan Hwa (jonhwa@gmail.com)
165. Charles Chung (cchung@villanova.edu)
166. Frank Zhang (flzhang@gmail.com)
167. Linda Cho (lcho@brynmawr.edu)
168. Doreen Chang (zchang@sas.upenn.edu)
169. Kate Juon (kjuon@brynmawr.edu)
170. Vincent  Lau (Invincentble74@gmail.com)
171. Christopher Baek (chrisbaek2@gmail.com)
172. Frank Tan (frankctan@gmail.com)
173. Jonathan  Jeong (jjeong02@villanova.edu)
174. Carol Lee (carollee2015@gmail.com)
175. Hannah Choe (hbchoe@brynmawr.edu)
176. Josiah Sustarsic (josus@sas.upenn.edu)
177. Jeremiah Wang (jeremiah.drexel@gmail.com)
178. Terrence Sellers (terrencm@sas.upenn.edu)
179. Christopher Li (christopher.li@temple.edu)
180. Charles Langley Jr. (csldark@yahoo.com)
181. Amy He (amy.h.he@gmail.com)
182. Taylor Lee (taylee@seas.upenn.edu)
183. Yoojin Chung (yoojin.chung@villanova.edu)
184. Gloria Chung (gchung1122@gmail.com)
185. Andrew  Kim  (akim23@villanova.edu)
186. Kenny Ng (kng3@villanova.edu)
187. Jeuhee Hahn (jh649@drexel.edu)
188. Sam Chung (schung4@villanova.edu)
189. Eunhae Lee (elee04@brynmawr.com)
190. Jenny Lee (jlee84@villanova.edu)
191. Eileen Lee (elee19@villanova.edu)
192. Paul Yoon (Paul.yoon@villanova.edu)
193. Grace Kim (gkim5@villanova.edu)
194. Stacy Lee (Stacymhmlee@gmail.com)
195. John Nguyen (nguyen.john.v@gmail.com)
196. Hye Een Kim (khe9192@gmail.com)
197. Michelle Jang (michell3x3@hotmail.com)
198. Rachel Gee (roostergirl32@yahoo.com)
199. Eun Byul (Lily) Ko (tuc58236@temple.edu)
200. Lydia Li (yli05@brynmawr.edu)
201. Alexis Nicheporuck (Aniche01@villanova.edu)
202. Julie Han (jlhan@brynmawr.edu)
203. Rachel Genovese (rgenovese@brynmawr.edu)
204. Danny Dao (danny.dao93@yahoo.com)
205. JinHyung Albert Ahn (jinhyung.ahn@hotmail.com)
206. James Gatmaitan (jgat_tan@yahoo.com)
207. LaMonica Shultz (ashley1554@hotmail.com)
208. Jasmine Barnes (jasmine.barnes@temple.edu)
209. Viola Liu (violaisinyours@gmail.com )
210. Janice Kang (ykang@mail.usp.edu)
211. Stephanie Tjiong (steph.tjiong@gmail.com)
212. Alice Lee (leealice@wharton.upenn.edu)
213. Sang Kyo Cheon (david.sk.cheon@gmail.com)
214. Kevin Ye (mrkayye@gmail.com)
215. Jeremy Yoo (jeyoo@wharton.upenn.edu)
216. Margaret Augustina (marrion.nette@gmail.com)
217. Jonathan Chung (misterjaycee@gmail.com)
218. Leslie Hung (lhung@wharton.upenn.edu)
219. Angie Yeung (yeungchikeiangie@gmail.com)
220. Jonathan Kim (jonathanraekim@gmail.com)
=================== 2012-01-29, 20:36:46, TEST SG EMAIL (sunday_sgls.json) =========================
------------------- select * from Retreat_Participants where sgleader=1; ----------------------
1. Christine Li (christli@seas.upenn.edu)
2. Octavia Bray (octavia.marie.8@gmail.com)
3. Winslow Cho (winslowc@seas.upenn.edu)
4. Joycelin Wong (musicalmunchkin@gmail.com)
5. Chan Park (cpark41@gmail.com)
6. Andrew Cie (randrewcie@gmail.com)
7. Jihae Lee (jihae9@gmail.com)
8. Cindy Wei (cindy.x.wei@gmail.com)
9. Jessica Kim (jesskim90@gmail.com)
10. Stephanie Kim (stephie08@gmail.com)
11. Helen Kwan (hkwan@nursing.upenn.edu)
12. Michael Hsu (potonchair@gmail.com)
13. Harold Kang (haroldkang@gmail.com)
14. Joan Larbi (joanlarbi@gmail.com)
15. Stephen Siu (angelfire7x@gmail.com)
16. Edward Li (edward.ct.li@gmail.com)
17. Jabez Yeo (jabezyeo@gmail.com)
18. Patrick Atis (atis.patrick@gmail.com)
19. Rena Song (ruizhesong@gmail.com)
20. Jiwon Kim (jkim22@villanova.edu)
21. Alice Lee (alee10@villanova.edu)
22. Greg Fu (greglfu@gmail.com)
23. Lily Kim (misslillie@gmail.com)
24. Wing Lock (Alfred) Li (alfut267@gmail.com)
25. Michelle Kwon (michellekwon09@gmail.com)
26. Ashley Lee (h.ashley.lee@gmail.com)
27. Courtney Ng (ashkicourt@gmail.com)
28. Irene Kim (i.dohee.kim@gmail.com)
29. Kow Essuman (kmaessuman@gmail.com)
30. Christopher Baek (chrisbaek2@gmail.com)
31. Frank Tan (frankctan@gmail.com)
=================== 2012-01-30, 20:34:35, SUNDAY BEFORE RETREAT TO EVERYBODY (monday_before_retreat_new_signups.json) =========================
------------------- select * from Retreat_Participants where id in (245, 246); ----------------------
1. Jericho Turingan (turinganje@gmail.com)
2. Justin Leung (jhleung@stu.ust.hk)
=================== 2012-01-31, 05:30:58, AMI REVOLUTION NICE EMAIL GCC (test_bus.json) =========================
------------------- select * from Retreat_Participants where id=9; ----------------------
1. Kevin Sin (kevinwsin@gmail.com)
=================== 2012-01-31, 05:33:21, SUNDAY BEFORE RETREAT TO EVERYBODY (tues_before_retreat_new_signups.json) =========================
------------------- select * from Retreat_Participants where id=247; ----------------------
1. Jae Cheon Lee (tuc61185@temple.edu)
=================== 2012-01-31, 05:34:12, BUS PICK UP CHANGE (bus_everybody.json) =========================
------------------- select * from Retreat_Participants where school in ('DRE', 'PEN', 'USP'); ----------------------
1. Olivia Jung (oliviajung@gmail.com)
2. Robyn Chan (robynmchan@gmail.com)
3. Ting Cho Lau (tlau@sas.upenn.edu)
4. Yue Xu (yuexu90@gmail.com)
5. Shinhaeng Hur (shinhaeng.hur@gmail.com)
6. Jane Pyo (janepyo@sas.upenn.edu)
7. Christine Li (christli@seas.upenn.edu)
8. Octavia Bray (octavia.marie.8@gmail.com)
9. Winslow Cho (winslowc@seas.upenn.edu)
10. Jonathan Chou (choumein@gmail.com)
11. Cindy  Yuan (cinyuan@seas.upenn.edu)
12. Justine Wan (tini@drexel.edu)
13. Siyuan Cao (caos@sas.upenn.edu)
14. Wonah Sung (wsung91@gmail.com)
15. Winnie Feng (winnie.pearl22@gmail.com)
16. Jack Chen (jackq36@gmail.com)
17. Connie  Li (connie.li.010@gmail.com)
18. Joycelin Wong (musicalmunchkin@gmail.com)
19. Nicole Kwok (nkwok@wharton.upenn.edu)
20. Andy Piao (apiao118@gmail.com)
21. Joyce Lin (lin6@wharton.upenn.edu)
22. Linda Wang (wanglind@sas.upenn.edu)
23. Chan Park (cpark41@gmail.com)
24. Joy Lee (joyyful@gmail.com)
25. Wendy Zhao (wndzhao@gmail.com)
26. Andrew Sun (andrew.q.sun@gmail.com)
27. Erica Yoon (eyoon@sas.upenn.edu)
28. Rachel Lee (rachelstar9161@gmail.com)
29. Jeffrey Kim (jeffreyk93@gmail.com)
30. Wing Li (wingli41@gmail.com)
31. Johnny Lee (johnny.lee320@gmail.com)
32. Harry Choi (hehrhee@gmail.com)
33. Celine Wee (celinewee@gmail.com)
34. Alice Ma (ma.alice.y@gmail.com)
35. Andrew Cie (randrewcie@gmail.com)
36. Liz Young (eliyoung@sas.upenn.edu)
37. Shirley  Yang (novjuo@gmail.com)
38. Jihae Lee (jihae9@gmail.com)
39. Damian  Lee (damianl@sas.upenn.edu)
40. Melissa Zhou (missa.zhou@gmail.com)
41. David Sawyers (sawyersd@wharton.upenn.edu)
42. Chris Wang (cwang731@gmail.com)
43. Connie Yuan (connieyuan92@gmail.com)
44. Sean Jang (daesup.jang@gmai.com)
45. Binh Nguyen (binh@sas.upenn.edu)
46. Claudia Jean (jeanclaudia4@yahoo.com)
47. Henderson Yan (hqy23@drexel.edu)
48. Amy  Tang (t.amy11@yahoo.com)
49. Cindy Wei (cindy.x.wei@gmail.com)
50. Christina Wu (christinawu10@gmail.com)
51. Jessica Kim (jesskim90@gmail.com)
52. Deborah Yeh (debyeh77@gmail.com)
53. Helen Kwan (hkwan@nursing.upenn.edu)
54. Michael Hsu (potonchair@gmail.com)
55. Timothy Cho (timscho@hotmail.com)
56. Josiah Hsiung (hsiungj@sas.upenn.edu)
57. Sarah Ryu (sarahroo12@gmail.com)
58. Glory Lee (coreaglory@gmail.com)
59. Harold Kang (haroldkang@gmail.com)
60. Changhyun Bahn (changhyun.bahn@gmail.com)
61. Joan Larbi (joanlarbi@gmail.com)
62. Andy Lee (asj.andy@gmail.com)
63. Iris Lee (irislee21@gmail.com)
64. Christine Tedijanto (ctedijanto@gmail.com)
65. Alina Kim (alinakim@sas.upenn.edu)
66. Jeff Wen (jeff.li.wen@gmail.com)
67. Hyejung Lee (hyejunghyejung211@gmail.com)
68. Stephen Siu (angelfire7x@gmail.com)
69. Winnie Yan (wiya@sas.upenn.edu)
70. Edward Li (edward.ct.li@gmail.com)
71. Jabez Yeo (jabezyeo@gmail.com)
72. Ellen Hahm (ellen.hahm@gmail.com)
73. Barbara Kim (barbarakim91@gmail.com)
74. Jessica Yi (jessicayi514@gmail.com)
75. Unjin Kim (kimunjin@sas.upenn.edu)
76. Inna Chung (ichung@sas.upenn.edu)
77. Erika Ho (thatslovely@gmail.com)
78. Patrick Atis (atis.patrick@gmail.com)
79. David Kim (david.dk.kim@gmail.com)
80. Rena Song (ruizhesong@gmail.com)
81. Sabrina Lim (heartgold89@gmail.com)
82. Donna Hahn (hahnd@sas.upenn.edu)
83. Dan Leung (dkleung92@gmail.com)
84. Greg Fu (greglfu@gmail.com)
85. Elliot Kim (elliotckim@gmail.com)
86. Katelin Del Rosario (k.bballgirl624@gmail.com)
87. Alex Chae (alexander.y.chae@gmail.com)
88. Jack Li (jacklistark@gmail.com)
89. Lily Kim (misslillie@gmail.com)
90. Stephanie Lim (stephlim89@gmail.com)
91. Wing Lock (Alfred) Li (alfut267@gmail.com)
92. Michelle Kwon (michellekwon09@gmail.com)
93. Michael Irizarry (myi23@drexel.edu)
94. Ashley Lee (h.ashley.lee@gmail.com)
95. Sooin Lee (soopig316@gmail.com)
96. Courtney Ng (ashkicourt@gmail.com)
97. Joy  McKenzie (joymck@sas.upenn.edu)
98. Irene Kim (i.dohee.kim@gmail.com)
99. Elizabeth Mensah (mensahe@wharton.upenn.edu)
100. Sophie Kim (sophie.boree.k@gmail.com)
101. Charmer Pratt (charmerp@wharton.upenn.edu)
102. Jay Jung (younjungjung@gmail.com)
103. Benjamin Wu (wuben@sas.upenn.edu)
104. Sarah Lee (sjaewonlee@gmail.com)
105. Anna Pham (t.anna.pham@gmail.com)
106. Sue Lim (suelim@wharton.upenn.edu)
107. Joanna Bak (jb3367@drexel.edu)
108. Linos Owusu-Asare (linosowusuasare@gmail.com)
109. Joseph Wang (jowang@wharton.upenn.edu)
110. Kiet Phung (kietp1314@gmail.com)
111. Melissa Espinal (mespinal@seas.upenn.edu)
112. Bryan Cam (bryancam@sas.upenn.edu)
113. Aerin Lee (aerin824@gmail.com)
114. Angelica Moss (gelmoss@gmail.com)
115. Yoori  Yang (yya@sas.upenn.edu)
116. Seulgi  Choi (seulchoi@sas.upenn.edu)
117. Allen Zheng (azheng@sas.upenn.edu)
118. Matt Deng (hdeng27@gmail.com)
119. Aran Park (aranjinheepark@gmail.com)
120. Alice Hong (alihong@sas.upenn.edu)
121. Zoe Lau (zlau@sas.upenn.edu)
122. Christopher Lai (chrislai@sas.upenn.edu)
123. Jinha Lee (jhl53@drexel.edu)
124. David Seok (davedoesntseok@gmail.com)
125. Kevin Jiang (kjiang@seas.upenn.edu)
126. Angela  Jong (ajong@sas.upenn.edu)
127. Dylan Tracy (dtracy198@yahoo.com)
128. Nicole Hwang (hdanbi@wharton.upenn.edu)
129. Aimee Jung (aimeeejung@gmail.com)
130. Jonathan Hwa (jonhwa@gmail.com)
131. Frank Zhang (flzhang@gmail.com)
132. Doreen Chang (zchang@sas.upenn.edu)
133. Christopher Baek (chrisbaek2@gmail.com)
134. Frank Tan (frankctan@gmail.com)
135. Carol Lee (carollee2015@gmail.com)
136. Josiah Sustarsic (josus@sas.upenn.edu)
137. Jeremiah Wang (jeremiah.drexel@gmail.com)
138. Terrence Sellers (terrencm@sas.upenn.edu)
139. Taylor Lee (taylee@seas.upenn.edu)
140. Jeuhee Hahn (jh649@drexel.edu)
141. Hye Een Kim (khe9192@gmail.com)
142. Michelle Jang (michell3x3@hotmail.com)
143. Rachel Gee (roostergirl32@yahoo.com)
144. JinHyung Albert Ahn (jinhyung.ahn@hotmail.com)
145. Janice Kang (ykang@mail.usp.edu)
146. Stephanie Tjiong (steph.tjiong@gmail.com)
147. Alice Lee (leealice@wharton.upenn.edu)
148. Sang Kyo Cheon (david.sk.cheon@gmail.com)
149. Kevin Ye (mrkayye@gmail.com)
150. Jeremy Yoo (jeyoo@wharton.upenn.edu)
151. Margaret Augustina (marrion.nette@gmail.com)
152. Jonathan Chung (misterjaycee@gmail.com)
153. Leslie Hung (lhung@wharton.upenn.edu)
154. Angie Yeung (yeungchikeiangie@gmail.com)
155. Jericho Turingan (turinganje@gmail.com)
156. Justin Leung (jhleung@stu.ust.hk)
=================== 2012-02-01, 17:51:25, SUNDAY BEFORE RETREAT TO EVERYBODY (wed_before_retreat_new_signups.json) =========================
------------------- select * from Retreat_Participants where id in (249, 250); ----------------------
1. Ryan Farell (ryan.farell@gmail.com)
2. Kang Hee Lee (kanghee.lee@drexel.edu)
=================== 2012-02-02, 20:54:12, SUNDAY BEFORE RETREAT TO EVERYBODY (thurs_before_retreat_new_signups.json) =========================
------------------- select * from Retreat_Participants where id in (251, 252, 253); ----------------------
1. Mike Lin (m2i5k6e6@gmail.com)
2. Xiaofei Leng (xiaofei.leng210@gmail.com)
3. Korrey Shin (Kshim@villanova.edu)
